id,user_posted,name,description,date_posted,photos,url,tagged_users,replies,reposts,likes,views,external_url,hashtags,followers,biography,posts_count,profile_image_link,following,is_verified,quotes,bookmarks,parent_post_details,external_image_urls,videos,quoted_post,pred_label_id,pred_label_name,p_Normal,p_Harassment,p_Defamation,p_Misleading,pred_confidence,risk_flag,char_len,word_len
1868216199751889180,The‚ñà‚ñà‚ñànom‚ñà‚ñà‚ñà,The‚ñà‚ñà‚ñàono‚ñà‚ñà‚ñàt,"Cryptocurrencies are being increasingly institutionalised. 

In turn the asset class will become more ordinary, and more linked to the ups and downs of the regular financial world, which advocates had hoped to replace","""2024-12-15T08:47:06.000Z""",,https://x.com/TheEconomist/status/1868216199751889180,,12,10,45,47177,https://econ.st/3DeqCK0,,27123001,News and analysis with a global perspective. We‚Äôre here to help you understand the world around you. Subscribe here: https://t.co/RpUQAAnhog,402760,https://pbs.twimg.com/profile_images/1847280770743750656/0DkLNOPG_normal.jpg,155,False,2,8,"{""post_id"":null,""profile_id"":null,""profile_name"":null}","[""https://pbs.twimg.com/card_img/1867164609297457152/jM4jFDfi?format=jpg&name=orig""]",,"{""data_posted"":null,""description"":null,""photos"":null,""post_id"":null,""profile_id"":null,""profile_name"":null,""url"":null,""videos"":null}",3,Misleading,0.14246617,0.07297029,0.022718897,0.76184464,0.76184464,True,217,33
1868189305014813099,The‚ñà‚ñà‚ñànom‚ñà‚ñà‚ñà,The‚ñà‚ñà‚ñàono‚ñà‚ñà‚ñàt,Europe knows its armies need more cash. But clever tricks will be needed to fund defence expenditure without crossing the various red lines of different countries,"""2024-12-15T07:00:14.000Z""","[""https://pbs.twimg.com/media/Ge0kRcRWwAA1-_U.jpg""]",https://x.com/TheEconomist/status/1868189305014813099,,13,17,59,49641,https://econ.st/3BtZ2Yy,,27123001,News and analysis with a global perspective. We‚Äôre here to help you understand the world around you. Subscribe here: https://t.co/RpUQAAnhog,402760,https://pbs.twimg.com/profile_images/1847280770743750656/0DkLNOPG_normal.jpg,155,False,3,9,"{""post_id"":null,""profile_id"":null,""profile_name"":null}",,,"{""data_posted"":null,""description"":null,""photos"":null,""post_id"":null,""profile_id"":null,""profile_name"":null,""url"":null,""videos"":null}",3,Misleading,0.021260196,0.046703745,0.007962578,0.9240735,0.9240735,True,162,26
1868374736088015133,The‚ñà‚ñà‚ñànom‚ñà‚ñà‚ñà,The‚ñà‚ñà‚ñàono‚ñà‚ñà‚ñàt,Europeans are hoping they can spend more on defence without giving up the good life. Can it be done?,"""2024-12-15T19:17:04.000Z""",,https://x.com/TheEconomist/status/1868374736088015133,,13,8,45,54392,https://econ.st/4gvLWZO,,27122602,News and analysis with a global perspective. We‚Äôre here to help you understand the world around you. Subscribe here: https://t.co/RpUQAAnhog,402760,https://pbs.twimg.com/profile_images/1847280770743750656/0DkLNOPG_normal.jpg,155,False,2,7,"{""post_id"":null,""profile_id"":null,""profile_name"":null}","[""https://pbs.twimg.com/card_img/1867212273061638144/nE39ITgh?format=jpg&name=orig""]",,"{""data_posted"":null,""description"":null,""photos"":null,""post_id"":null,""profile_id"":null,""profile_name"":null,""url"":null,""videos"":null}",3,Misleading,0.05130672,0.04515296,0.008465717,0.8950746,0.8950746,True,100,19
1868170549085503771,The‚ñà‚ñà‚ñànom‚ñà‚ñà‚ñà,The‚ñà‚ñà‚ñàono‚ñà‚ñà‚ñàt,"Generative AI can write copy and draw images; the technology is also making it easier to target consumers with the right ad. 

It could eliminate 7.5% of America‚Äôs advertising jobs by 2030, one research firm predicts","""2024-12-15T05:45:42.000Z""",,https://x.com/TheEconomist/status/1868170549085503771,,11,9,31,54146,https://econ.st/3DbtQxP,,27122605,News and analysis with a global perspective. We‚Äôre here to help you understand the world around you. Subscribe here: https://t.co/RpUQAAnhog,402760,https://pbs.twimg.com/profile_images/1847280770743750656/0DkLNOPG_normal.jpg,155,False,4,9,"{""post_id"":null,""profile_id"":null,""profile_name"":null}","[""https://pbs.twimg.com/card_img/1867213932110168064/S3x4JBLF?format=jpg&name=orig""]",,"{""data_posted"":null,""description"":null,""photos"":null,""post_id"":null,""profile_id"":null,""profile_name"":null,""url"":null,""videos"":null}",3,Misleading,0.22873782,0.07976669,0.025730658,0.6657648,0.6657648,True,216,36
1868484827139170738,The‚ñà‚ñà‚ñànom‚ñà‚ñà‚ñà,The‚ñà‚ñà‚ñàono‚ñà‚ñà‚ñàt,"People in Asia sleep later, shorter and less well","""2024-12-16T02:34:32.000Z""",,https://x.com/TheEconomist/status/1868484827139170738,,4,3,16,30218,https://econ.st/3VEEljs,,27122603,News and analysis with a global perspective. We‚Äôre here to help you understand the world around you. Subscribe here: https://t.co/RpUQAAnhog,402761,https://pbs.twimg.com/profile_images/1847280770743750656/0DkLNOPG_normal.jpg,155,False,1,5,"{""post_id"":null,""profile_id"":null,""profile_name"":null}","[""https://pbs.twimg.com/card_img/1867680014910550016/u6_OPuIR?format=png&name=orig""]",,"{""data_posted"":null,""description"":null,""photos"":null,""post_id"":null,""profile_id"":null,""profile_name"":null,""url"":null,""videos"":null}",3,Misleading,0.087692596,0.12184343,0.010901016,0.77956295,0.77956295,True,49,9
1868439657664454710,The‚ñà‚ñà‚ñànom‚ñà‚ñà‚ñà,The‚ñà‚ñà‚ñàono‚ñà‚ñà‚ñàt,The number of people in Latin America and the Caribbean opening their first bank account has been growing faster than the global rate in recent years. Financial institutions will aim to keep up the momentum in 2025,"""2024-12-15T23:35:02.000Z""",,https://x.com/TheEconomist/status/1868439657664454710,,6,13,40,47859,https://econ.st/3CUvrrK,,27122998,News and analysis with a global perspective. We‚Äôre here to help you understand the world around you. Subscribe here: https://t.co/RpUQAAnhog,402761,https://pbs.twimg.com/profile_images/1847280770743750656/0DkLNOPG_normal.jpg,155,False,1,6,"{""post_id"":null,""profile_id"":null,""profile_name"":null}","[""https://pbs.twimg.com/card_img/1866159393764478976/VyFHYRRU?format=jpg&name=orig""]",,"{""data_posted"":null,""description"":null,""photos"":null,""post_id"":null,""profile_id"":null,""profile_name"":null,""url"":null,""videos"":null}",3,Misleading,0.06679388,0.04643027,0.015340617,0.8714352,0.8714352,True,214,37
1868358629679612260,The‚ñà‚ñà‚ñànom‚ñà‚ñà‚ñà,The‚ñà‚ñà‚ñàono‚ñà‚ñà‚ñàt,"With packed restaurants and throngs of shoppers, Madrid is enjoying a palpable pre-Christmas buzz. The rest of Spain‚Äôs economy is basking in it too.

But how long can the good times last?","""2024-12-15T18:13:04.000Z""",,https://x.com/TheEconomist/status/1868358629679612260,,8,9,42,51046,https://econ.st/3VCiZ6s,,27122998,News and analysis with a global perspective. We‚Äôre here to help you understand the world around you. Subscribe here: https://t.co/RpUQAAnhog,402760,https://pbs.twimg.com/profile_images/1847280770743750656/0DkLNOPG_normal.jpg,155,False,1,2,"{""post_id"":null,""profile_id"":null,""profile_name"":null}","[""https://pbs.twimg.com/card_img/1867212076411682816/mLPtxoZl?format=jpg&name=orig""]",,"{""data_posted"":null,""description"":null,""photos"":null,""post_id"":null,""profile_id"":null,""profile_name"":null,""url"":null,""videos"":null}",3,Misleading,0.4576265,0.053942658,0.0151416985,0.47328913,0.47328913,False,187,32
1868408713582727202,The‚ñà‚ñà‚ñànom‚ñà‚ñà‚ñà,The‚ñà‚ñà‚ñàono‚ñà‚ñà‚ñàt,Health and long life correlate unsurprisingly with GDP per capita. But southern Europe is outperforming the usual link between wealth and health,"""2024-12-15T21:32:05.000Z""",,https://x.com/TheEconomist/status/1868408713582727202,,6,5,26,54722,https://econ.st/49AfH9E,,27122999,News and analysis with a global perspective. We‚Äôre here to help you understand the world around you. Subscribe here: https://t.co/RpUQAAnhog,402761,https://pbs.twimg.com/profile_images/1847280770743750656/0DkLNOPG_normal.jpg,155,False,1,10,"{""post_id"":null,""profile_id"":null,""profile_name"":null}","[""https://pbs.twimg.com/card_img/1866656571553468416/rmNcN8KD?format=jpg&name=orig""]",,"{""data_posted"":null,""description"":null,""photos"":null,""post_id"":null,""profile_id"":null,""profile_name"":null,""url"":null,""videos"":null}",3,Misleading,0.0388585,0.06861279,0.012780506,0.8797482,0.8797482,True,144,22
1868304278504264129,The‚ñà‚ñà‚ñànom‚ñà‚ñà‚ñà,The‚ñà‚ñà‚ñàono‚ñà‚ñà‚ñàt,"New research shows that tourism‚Äôs ‚Äúcarbon intensity‚Äù‚Äîthe amount of emissions produced for every dollar spent‚Äîin 2019 was 30% higher than the global economy‚Äôs average.

And that is despite international attempts to reduce the industry‚Äôs environmental harm","""2024-12-15T14:37:06.000Z""",,https://x.com/TheEconomist/status/1868304278504264129,,31,12,42,50737,https://econ.st/3ZzMBSZ,,27122998,News and analysis with a global perspective. We‚Äôre here to help you understand the world around you. Subscribe here: https://t.co/RpUQAAnhog,402760,https://pbs.twimg.com/profile_images/1847280770743750656/0DkLNOPG_normal.jpg,155,False,2,5,"{""post_id"":null,""profile_id"":null,""profile_name"":null}","[""https://pbs.twimg.com/card_img/1867214304295931904/VgCHKw7g?format=jpg&name=orig""]",,"{""data_posted"":null,""description"":null,""photos"":null,""post_id"":null,""profile_id"":null,""profile_name"":null,""url"":null,""videos"":null}",3,Misleading,0.07669113,0.079748824,0.021663422,0.8218966,0.8218966,True,254,36
1868324882846761097,Rep‚ñà‚ñà‚ñàapa‚ñà‚ñà‚ñà,Rep‚ñà‚ñà‚ñàram‚ñà‚ñà‚ñà Ja‚ñà‚ñà‚ñà‚ñà‚ñà‚ñà,"The climate crisis is here and now, and every single day that goes by where we don‚Äôt take action, it is getting worse.

We cannot wait. We must take bold, immediate steps to save our planet and our people.","""2024-12-15T15:58:58.000Z""",,https://x.com/RepJayapal/status/1868324882846761097,,1074,67,184,30147,https://www.npr.org/2024/12/10/nx-s1-5215967/arctic-tundra-contributes-climate-warming-pollution-report-finds,,562371,"Congresswoman, lifelong organizer, mom. Proudly serving WA-07. Chair of @USProgressives, Member of @HouseJudiciary, @EdWorkforceDems. She/her.",33258,https://pbs.twimg.com/profile_images/978268908057751552/LdIDc0tc_normal.jpg,2464,False,41,11,"{""post_id"":null,""profile_id"":null,""profile_name"":null}","[""https://pbs.twimg.com/card_img/1866515719615094785/Cb4qksKE?format=jpg&name=orig""]",,"{""data_posted"":null,""description"":null,""photos"":null,""post_id"":null,""profile_id"":null,""profile_name"":null,""url"":null,""videos"":null}",3,Misleading,0.2508355,0.079962514,0.009818011,0.659384,0.659384,True,205,39
1868284121669320713,Man‚ñà‚ñà‚ñà,Man‚ñà‚ñà‚ñàste‚ñà‚ñà‚ñànit‚ñà‚ñà‚ñà,"Who‚Äôs in your Fantasy United team for the derby? üî•

Claim your free Player Trading Card pack and lock in your squad before the deadline ‚åõ

#MUFC","""2024-12-15T13:17:00.000Z""",,https://x.com/ManUtd/status/1868284121669320713,,99,106,1124,172199,https://collectibles.manutd.com/claim/675860502b0bef4df1d60fb4,"[""MUFC""]",38439078,‚ÄôTis the season to gift United! üéÅüéÑ,92455,https://pbs.twimg.com/profile_images/1856418426496880640/iIvJaO5T_normal.png,145,False,2,7,"{""post_id"":null,""profile_id"":null,""profile_name"":null}",,,"{""data_posted"":null,""description"":null,""photos"":null,""post_id"":null,""profile_id"":null,""profile_name"":null,""url"":null,""videos"":null}",3,Misleading,0.24432679,0.043931168,0.008036811,0.70370525,0.70370525,True,144,27
1868358167563837618,nyp‚ñà‚ñà‚ñà,New‚ñà‚ñà‚ñàrk ‚ñà‚ñà‚ñàt,Expert fears drones are a smokescreen by a foreign power: ‚ÄòWe could very well get hit‚Äô,"""2024-12-15T18:11:14.000Z""","[""https://pbs.twimg.com/media/Ge292hZXwAAJE-4.jpg""]",https://x.com/nypost/status/1868358167563837618,,140,77,220,64837,https://trib.al/6ovBmSj,,3313888,"Breaking news & features from The New York Post. Follow your favorite sections: @pagesix, @nypmetro, @nypostbiz, @nypostsports, @nypfashion, @nypostopinion",706459,https://pbs.twimg.com/profile_images/966372680306868224/60wfGe9e_normal.jpg,10308,False,30,29,"{""post_id"":null,""profile_id"":null,""profile_name"":null}",,,"{""data_posted"":null,""description"":null,""photos"":null,""post_id"":null,""profile_id"":null,""profile_name"":null,""url"":null,""videos"":null}",3,Misleading,0.04719071,0.15014386,0.01902067,0.78364474,0.78364474,True,86,16
1868165194930680016,nyp‚ñà‚ñà‚ñà,New‚ñà‚ñà‚ñàrk ‚ñà‚ñà‚ñàt,Dad diagnosed with tongue cancer after wife noticed ‚Äòuneven‚Äô face,"""2024-12-15T05:24:25.000Z""","[""https://pbs.twimg.com/media/Ge0OWBhWkAADyws.jpg""]",https://x.com/nypost/status/1868165194930680016,,20,3,31,28151,https://trib.al/2vtrcTI,,3313892,"Breaking news & features from The New York Post. Follow your favorite sections: @pagesix, @nypmetro, @nypostbiz, @nypostsports, @nypfashion, @nypostopinion",706459,https://pbs.twimg.com/profile_images/966372680306868224/60wfGe9e_normal.jpg,10308,False,1,6,"{""post_id"":null,""profile_id"":null,""profile_name"":null}",,,"{""data_posted"":null,""description"":null,""photos"":null,""post_id"":null,""profile_id"":null,""profile_name"":null,""url"":null,""videos"":null}",3,Misleading,0.18491006,0.30168557,0.080069974,0.4333344,0.4333344,False,65,10
1868410804594155593,nyp‚ñà‚ñà‚ñà,New‚ñà‚ñà‚ñàrk ‚ñà‚ñà‚ñàt,MTA‚Äôs pop-up store sells MetroCard machines and other strange items ‚Äî but buyers have to act fast,"""2024-12-15T21:40:23.000Z""","[""https://pbs.twimg.com/media/Ge3tuZgXsAAO7xp.jpg""]",https://x.com/nypost/status/1868410804594155593,,6,3,21,23102,https://trib.al/OhtugZC,,3313886,"Breaking news & features from The New York Post. Follow your favorite sections: @pagesix, @nypmetro, @nypostbiz, @nypostsports, @nypfashion, @nypostopinion",706459,https://pbs.twimg.com/profile_images/966372680306868224/60wfGe9e_normal.jpg,10308,False,1,2,"{""post_id"":null,""profile_id"":null,""profile_name"":null}",,,"{""data_posted"":null,""description"":null,""photos"":null,""post_id"":null,""profile_id"":null,""profile_name"":null,""url"":null,""videos"":null}",3,Misleading,0.03905879,0.053048644,0.0097747035,0.8981179,0.8981179,True,97,17
1868312318372712553,nyp‚ñà‚ñà‚ñà,New‚ñà‚ñà‚ñàrk ‚ñà‚ñà‚ñàt,"Family living on sailboat plan to spend minimalist Christmas at sea with fresh fish, seashell gifts","""2024-12-15T15:09:02.000Z""","[""https://pbs.twimg.com/media/Ge2UJuwX0AAz1cR.jpg""]",https://x.com/nypost/status/1868312318372712553,,49,11,112,33900,https://trib.al/l0G3z0t,,3313889,"Breaking news & features from The New York Post. Follow your favorite sections: @pagesix, @nypmetro, @nypostbiz, @nypostsports, @nypfashion, @nypostopinion",706459,https://pbs.twimg.com/profile_images/966372680306868224/60wfGe9e_normal.jpg,10308,False,5,3,"{""post_id"":null,""profile_id"":null,""profile_name"":null}",,,"{""data_posted"":null,""description"":null,""photos"":null,""post_id"":null,""profile_id"":null,""profile_name"":null,""url"":null,""videos"":null}",3,Misleading,0.055834558,0.049951423,0.008847118,0.8853669,0.8853669,True,99,16
1868324042387706017,nyp‚ñà‚ñà‚ñà,New‚ñà‚ñà‚ñàrk ‚ñà‚ñà‚ñàt,Scientists warn against ‚Äòunthinkable‚Äô deep sea mining plans that will ‚Äòdestroy‚Äô ocean: ‚ÄòNo recovery‚Äô,"""2024-12-15T15:55:38.000Z""","[""https://pbs.twimg.com/media/Ge2e0NcXwAAR5kM.jpg""]",https://x.com/nypost/status/1868324042387706017,,37,17,53,23180,https://trib.al/JdjzbeK,,3313888,"Breaking news & features from The New York Post. Follow your favorite sections: @pagesix, @nypmetro, @nypostbiz, @nypostsports, @nypfashion, @nypostopinion",706459,https://pbs.twimg.com/profile_images/966372680306868224/60wfGe9e_normal.jpg,10308,False,4,8,"{""post_id"":null,""profile_id"":null,""profile_name"":null}",,,"{""data_posted"":null,""description"":null,""photos"":null,""post_id"":null,""profile_id"":null,""profile_name"":null,""url"":null,""videos"":null}",3,Misleading,0.047106918,0.14912368,0.027881773,0.7758876,0.7758876,True,100,14
1868403040438403569,nyp‚ñà‚ñà‚ñà,New‚ñà‚ñà‚ñàrk ‚ñà‚ñà‚ñàt,Socialist clothing company founder creating ‚Äòmost wanted CEOs‚Äô playing cards in wake of UnitedHealthcare shooting,"""2024-12-15T21:09:32.000Z""","[""https://pbs.twimg.com/media/Ge3mqeFWMAAf_wZ.jpg""]",https://x.com/nypost/status/1868403040438403569,,43,17,25,25120,https://trib.al/lwJrQEG,,3313886,"Breaking news & features from The New York Post. Follow your favorite sections: @pagesix, @nypmetro, @nypostbiz, @nypostsports, @nypfashion, @nypostopinion",706459,https://pbs.twimg.com/profile_images/966372680306868224/60wfGe9e_normal.jpg,10308,False,14,3,"{""post_id"":null,""profile_id"":null,""profile_name"":null}",,,"{""data_posted"":null,""description"":null,""photos"":null,""post_id"":null,""profile_id"":null,""profile_name"":null,""url"":null,""videos"":null}",3,Misleading,0.07390817,0.13879429,0.018609866,0.7686878,0.7686878,True,113,15
1868449254705954914,nyp‚ñà‚ñà‚ñà,New‚ñà‚ñà‚ñàrk ‚ñà‚ñà‚ñàt,Dunkin‚Äôs Staten Island Ferry snack bar aims for ‚Äòend of year‚Äô grand opening ‚Äî sans alcohol,"""2024-12-16T00:13:11.000Z""","[""https://pbs.twimg.com/media/Ge4Qsh2XIAApO0z.jpg""]",https://x.com/nypost/status/1868449254705954914,,15,4,31,28033,https://trib.al/PquLCC0,,3313887,"Breaking news & features from The New York Post. Follow your favorite sections: @pagesix, @nypmetro, @nypostbiz, @nypostsports, @nypfashion, @nypostopinion",706459,https://pbs.twimg.com/profile_images/966372680306868224/60wfGe9e_normal.jpg,10308,False,1,3,"{""post_id"":null,""profile_id"":null,""profile_name"":null}",,,"{""data_posted"":null,""description"":null,""photos"":null,""post_id"":null,""profile_id"":null,""profile_name"":null,""url"":null,""videos"":null}",3,Misleading,0.020647444,0.05575157,0.009603101,0.9139979,0.9139979,True,90,16
1868454617215836520,nyp‚ñà‚ñà‚ñà,New‚ñà‚ñà‚ñàrk ‚ñà‚ñà‚ñàt,"Indiana girl, 8, receives lifesaving heart transplant just in time for the holidays","""2024-12-16T00:34:29.000Z""","[""https://pbs.twimg.com/media/Ge4VkmaXEAA6t22.jpg""]",https://x.com/nypost/status/1868454617215836520,,37,69,769,31066,https://trib.al/yW7bwss,,3313887,"Breaking news & features from The New York Post. Follow your favorite sections: @pagesix, @nypmetro, @nypostbiz, @nypostsports, @nypfashion, @nypostopinion",706459,https://pbs.twimg.com/profile_images/966372680306868224/60wfGe9e_normal.jpg,10308,False,7,3,"{""post_id"":null,""profile_id"":null,""profile_name"":null}",,,"{""data_posted"":null,""description"":null,""photos"":null,""post_id"":null,""profile_id"":null,""profile_name"":null,""url"":null,""videos"":null}",3,Misleading,0.33109716,0.14625695,0.01317547,0.5094705,0.5094705,True,83,13
1868156476767850624,nyp‚ñà‚ñà‚ñà,New‚ñà‚ñà‚ñàrk ‚ñà‚ñà‚ñàt,Car decked out in Christmas lights pulled over by cops as they warn against showy stunt,"""2024-12-15T04:49:47.000Z""","[""https://pbs.twimg.com/media/Ge0GalGXEAAk3sR.jpg""]",https://x.com/nypost/status/1868156476767850624,,62,30,138,40923,https://trib.al/Na1ET8B,,3313892,"Breaking news & features from The New York Post. Follow your favorite sections: @pagesix, @nypmetro, @nypostbiz, @nypostsports, @nypfashion, @nypostopinion",706459,https://pbs.twimg.com/profile_images/966372680306868224/60wfGe9e_normal.jpg,10308,False,10,18,"{""post_id"":null,""profile_id"":null,""profile_name"":null}",,,"{""data_posted"":null,""description"":null,""photos"":null,""post_id"":null,""profile_id"":null,""profile_name"":null,""url"":null,""videos"":null}",3,Misleading,0.046912972,0.28929314,0.00841023,0.6553837,0.6553837,True,87,16
1868099205627076866,nyp‚ñà‚ñà‚ñà,New‚ñà‚ñà‚ñàrk ‚ñà‚ñà‚ñàt,‚ÄòLast‚Äô bagels from beloved NYC shop up for auction on eBay following sudden closure,"""2024-12-15T01:02:12.000Z""","[""https://pbs.twimg.com/media/GezSU9FXwAE-sX4.jpg""]",https://x.com/nypost/status/1868099205627076866,,16,8,35,30417,https://trib.al/sKg0xzU,,3313897,"Breaking news & features from The New York Post. Follow your favorite sections: @pagesix, @nypmetro, @nypostbiz, @nypostsports, @nypfashion, @nypostopinion",706459,https://pbs.twimg.com/profile_images/966372680306868224/60wfGe9e_normal.jpg,10308,False,2,2,"{""post_id"":null,""profile_id"":null,""profile_name"":null}",,,"{""data_posted"":null,""description"":null,""photos"":null,""post_id"":null,""profile_id"":null,""profile_name"":null,""url"":null,""videos"":null}",3,Misleading,0.031599015,0.054790612,0.013306315,0.900304,0.900304,True,83,14
1868359340698022014,nyp‚ñà‚ñà‚ñà,New‚ñà‚ñà‚ñàrk ‚ñà‚ñà‚ñàt,Trendy NYC neighborhood invaded by ‚ÄòGreenpoint Stink‚Äô ‚Äî and locals have savage take on promise it‚Äôll soon smell better: ‚ÄòBiggest bulls‚Äìt‚Äô,"""2024-12-15T18:15:53.000Z""","[""https://pbs.twimg.com/media/Ge2-6z8XwAACMoE.jpg""]",https://x.com/nypost/status/1868359340698022014,,8,3,28,22351,https://trib.al/gpv1S5k,,3313887,"Breaking news & features from The New York Post. Follow your favorite sections: @pagesix, @nypmetro, @nypostbiz, @nypostsports, @nypfashion, @nypostopinion",706459,https://pbs.twimg.com/profile_images/966372680306868224/60wfGe9e_normal.jpg,10308,False,1,1,"{""post_id"":null,""profile_id"":null,""profile_name"":null}",,,"{""data_posted"":null,""description"":null,""photos"":null,""post_id"":null,""profile_id"":null,""profile_name"":null,""url"":null,""videos"":null}",3,Misleading,0.019195018,0.13458474,0.011081997,0.83513814,0.83513814,True,137,21
1868400645704663461,Sta‚ñà‚ñà‚ñàept‚ñà‚ñà‚ñà,Dep‚ñà‚ñà‚ñàmen‚ñà‚ñà‚ñàf S‚ñà‚ñà‚ñà‚ñà‚ñà‚ñà,"Ukrainian innovation is transforming lives and safeguarding Europe‚Äôs future. From AI-powered prosthetics to drone technology to agricultural exports, solidarity with Ukraine is leading to innovation, empowerment, and progress.","""2024-12-15T21:00:01.000Z""",,https://x.com/StateDept/status/1868400645704663461,,99,43,120,21904,https://share.america.gov/ukrainian-innovation-strengthening-europes-future/,,6379301,Leading U.S. foreign policy and American diplomacy since 1789. Follow @SecBlinken for Secretary updates. For all Department accounts: https://t.co/VpbtF1LASc,83466,https://pbs.twimg.com/profile_images/1653450164210630659/oPRqz0j6_normal.jpg,354,False,15,10,"{""post_id"":null,""profile_id"":null,""profile_name"":null}","[""https://pbs.twimg.com/card_img/1866151640488701952/KR8zwj48?format=jpg&name=orig""]",,"{""data_posted"":null,""description"":null,""photos"":null,""post_id"":null,""profile_id"":null,""profile_name"":null,""url"":null,""videos"":null}",3,Misleading,0.05340138,0.06759294,0.010279326,0.8687263,0.8687263,True,226,28
1868500828060889377,bus‚ñà‚ñà‚ñàss,Blo‚ñà‚ñà‚ñàerg‚ñà‚ñà‚ñà,"China‚Äôs 10-year sovereign yield slumped to a fresh record low Monday, as a string of sluggish economic data boosted demand for haven assets","""2024-12-16T03:38:07.000Z""",,https://x.com/business/status/1868500828060889377,,2,8,21,34093,https://trib.al/sUXfc8m,,9564156,The first word in business news. Singapore newsletter: https://t.co/RtyaUOdLdF Newsletters: https://t.co/nWaCxHSKuU Podcasts: https://t.co/096e9xMbPz,1125277,https://pbs.twimg.com/profile_images/1631723279676317709/-fjgaR2p_normal.jpg,93,False,3,5,"{""post_id"":null,""profile_id"":null,""profile_name"":null}","[""https://pbs.twimg.com/card_img/1868500122545295360/OfmJ-u4G?format=jpg&name=orig""]",,"{""data_posted"":null,""description"":null,""photos"":null,""post_id"":null,""profile_id"":null,""profile_name"":null,""url"":null,""videos"":null}",3,Misleading,0.062572435,0.12041433,0.036271352,0.7807418,0.7807418,True,139,23
1868225255124197866,bus‚ñà‚ñà‚ñàss,Blo‚ñà‚ñà‚ñàerg‚ñà‚ñà‚ñà,"Countries hit by severe storms and droughts are buying parametric insurance to help with recovery.

But it doesn‚Äôt always pay out ‚Äî and it‚Äôs no substitute for climate compensation withheld by the rich world","""2024-12-15T09:23:05.000Z""",,https://x.com/business/status/1868225255124197866,,15,3,23,27699,https://trib.al/yAe9k6h,,9564155,The first word in business news. Singapore newsletter: https://t.co/RtyaUOdLdF Newsletters: https://t.co/nWaCxHSKuU Podcasts: https://t.co/096e9xMbPz,1125277,https://pbs.twimg.com/profile_images/1631723279676317709/-fjgaR2p_normal.jpg,93,False,1,2,"{""post_id"":null,""profile_id"":null,""profile_name"":null}","[""https://pbs.twimg.com/card_img/1867087425002000384/Zx-Lo66-?format=jpg&name=orig""]",,"{""data_posted"":null,""description"":null,""photos"":null,""post_id"":null,""profile_id"":null,""profile_name"":null,""url"":null,""videos"":null}",3,Misleading,0.01143722,0.04845476,0.008377038,0.931731,0.931731,True,206,34
1868251761489699047,dun‚ñà‚ñà‚ñàuni‚ñà‚ñà‚ñàfc,Dun‚ñà‚ñà‚ñà Un‚ñà‚ñà‚ñàd F‚ñà‚ñà‚ñà,"Cool, calm and collected from 12 yards to move top of the @WilliamHill Premiership scoring charts üìà","""2024-12-15T11:08:25.000Z""",,https://x.com/dundeeunitedfc/status/1868251761489699047,"[{""biography"":null,""followers"":null,""following"":null,""is_verified"":null,""profile_id"":""16667278"",""profile_name"":""William Hill"",""url"":""https://x.com/WilliamHill""}]",2,7,116,6492,,,78295,The official X account of Dundee United Football Club.,47736,https://pbs.twimg.com/profile_images/1866423517069316096/rYsfCuJn_normal.jpg,489,False,2,2,"{""post_id"":null,""profile_id"":null,""profile_name"":null}",,"[{""duration"":17200,""video_url"":""https://video.twimg.com/amplify_video/1868091124688027648/vid/avc1/1080x1080/sQSZfGxzkckW84FH.mp4?tag=16""}]","{""data_posted"":null,""description"":null,""photos"":null,""post_id"":null,""profile_id"":null,""profile_name"":null,""url"":null,""videos"":null}",3,Misleading,0.2175764,0.07129057,0.008980399,0.70215267,0.70215267,True,99,17
1868423255633059960,bus‚ñà‚ñà‚ñàss,Blo‚ñà‚ñà‚ñàerg‚ñà‚ñà‚ñà,"Following five years of stagnation, Germany‚Äôs economy is now 5% smaller than it would have been and the bulk of the shortfall will be tough to recover","""2024-12-15T22:29:52.000Z""",,https://x.com/business/status/1868423255633059960,,8,4,20,28515,https://trib.al/i2xaEJJ,,9564156,The first word in business news. Singapore newsletter: https://t.co/RtyaUOdLdF Newsletters: https://t.co/nWaCxHSKuU Podcasts: https://t.co/096e9xMbPz,1125277,https://pbs.twimg.com/profile_images/1631723279676317709/-fjgaR2p_normal.jpg,93,False,1,1,"{""post_id"":null,""profile_id"":null,""profile_name"":null}","[""https://pbs.twimg.com/card_img/1868416113454764032/5k5IzvuW?format=jpg&name=orig""]",,"{""data_posted"":null,""description"":null,""photos"":null,""post_id"":null,""profile_id"":null,""profile_name"":null,""url"":null,""videos"":null}",3,Misleading,0.09772996,0.120861314,0.03345258,0.74795616,0.74795616,True,150,27
1868514696602456133,bus‚ñà‚ñà‚ñàss,Blo‚ñà‚ñà‚ñàerg‚ñà‚ñà‚ñà,"Singapore home sales jumped to their highest level in more than a decade, confirming a property market revival that‚Äôs raising expectations of further government curbs","""2024-12-16T04:33:13.000Z""",,https://x.com/business/status/1868514696602456133,,3,2,2,18442,https://trib.al/aw84iG3,,9564155,The first word in business news. Singapore newsletter: https://t.co/RtyaUOdLdF Newsletters: https://t.co/nWaCxHSKuU Podcasts: https://t.co/096e9xMbPz,1125277,https://pbs.twimg.com/profile_images/1631723279676317709/-fjgaR2p_normal.jpg,93,False,1,1,"{""post_id"":null,""profile_id"":null,""profile_name"":null}","[""https://pbs.twimg.com/card_img/1868514277021147136/xbZXLKWJ?format=jpg&name=orig""]",,"{""data_posted"":null,""description"":null,""photos"":null,""post_id"":null,""profile_id"":null,""profile_name"":null,""url"":null,""videos"":null}",3,Misleading,0.12818941,0.060307708,0.029933592,0.78156924,0.78156924,True,166,25
1868147507118645275,bus‚ñà‚ñà‚ñàss,Blo‚ñà‚ñà‚ñàerg‚ñà‚ñà‚ñà,Extreme weather is making the beloved spice less fiery. And chefs aren‚Äôt happy.,"""2024-12-15T04:14:08.000Z""",,https://x.com/business/status/1868147507118645275,,25,16,29,43498,https://trib.al/RmYhQxF,,9564155,The first word in business news. Singapore newsletter: https://t.co/RtyaUOdLdF Newsletters: https://t.co/nWaCxHSKuU Podcasts: https://t.co/096e9xMbPz,1125277,https://pbs.twimg.com/profile_images/1631723279676317709/-fjgaR2p_normal.jpg,93,False,5,5,"{""post_id"":null,""profile_id"":null,""profile_name"":null}","[""https://pbs.twimg.com/card_img/1867525515831083009/AMzY0LJ8?format=jpg&name=orig""]",,"{""data_posted"":null,""description"":null,""photos"":null,""post_id"":null,""profile_id"":null,""profile_name"":null,""url"":null,""videos"":null}",3,Misleading,0.1308808,0.18079476,0.011818877,0.67650557,0.67650557,True,79,13
1868289941161025554,bus‚ñà‚ñà‚ñàss,Blo‚ñà‚ñà‚ñàerg‚ñà‚ñà‚ñà,"The EU‚Äôs economy is struggling to keep pace with the US and China, putting the continent at risk of losing its seat at the table ‚Äî and maybe its ability to protect itself in a world where security is no longer guaranteed","""2024-12-15T13:40:07.000Z""",,https://x.com/business/status/1868289941161025554,,10,19,38,39381,https://trib.al/x7HXKAa,,9564155,The first word in business news. Singapore newsletter: https://t.co/RtyaUOdLdF Newsletters: https://t.co/nWaCxHSKuU Podcasts: https://t.co/096e9xMbPz,1125277,https://pbs.twimg.com/profile_images/1631723279676317709/-fjgaR2p_normal.jpg,93,False,4,9,"{""post_id"":null,""profile_id"":null,""profile_name"":null}",,"[{""duration"":78250,""video_url"":""https://video.twimg.com/amplify_video/1867502256603422720/vid/avc1/1920x1080/GZoTBPAse0TseN2c.mp4?tag=16""}]","{""data_posted"":null,""description"":null,""photos"":null,""post_id"":null,""profile_id"":null,""profile_name"":null,""url"":null,""videos"":null}",3,Misleading,0.32250515,0.12552495,0.07639411,0.47557577,0.47557577,False,220,42
1868476804756881580,bus‚ñà‚ñà‚ñàss,Blo‚ñà‚ñà‚ñàerg‚ñà‚ñà‚ñà,"China‚Äôs home-price declines eased for a third month in November, pointing to a mixed picture for the property market after stimulus measures failed to sustain a rebound in sales","""2024-12-16T02:02:39.000Z""",,https://x.com/business/status/1868476804756881580,,4,9,20,36034,https://trib.al/FE56M97,,9564154,The first word in business news. Singapore newsletter: https://t.co/RtyaUOdLdF Newsletters: https://t.co/nWaCxHSKuU Podcasts: https://t.co/096e9xMbPz,1125277,https://pbs.twimg.com/profile_images/1631723279676317709/-fjgaR2p_normal.jpg,93,False,1,3,"{""post_id"":null,""profile_id"":null,""profile_name"":null}","[""https://pbs.twimg.com/card_img/1868476342150303744/F0CQb-zt?format=jpg&name=orig""]",,"{""data_posted"":null,""description"":null,""photos"":null,""post_id"":null,""profile_id"":null,""profile_name"":null,""url"":null,""videos"":null}",3,Misleading,0.3848446,0.07868227,0.058472835,0.47800025,0.47800025,False,177,29
1868189274388230551,ufc,UFC,"Well deserved bonuses!

@Menace155 &amp; @TheHanyakDJ earned themselves POTN! üí∞

[ #UFCTampa | B2YB @CPIStemCells ]","""2024-12-15T07:00:06.000Z""","[""https://pbs.twimg.com/media/Ge0jqfKWkAAXjQZ.jpg"",""https://pbs.twimg.com/media/Ge0jqfKXIAAd_O9.jpg""]",https://x.com/ufc/status/1868189274388230551,"[{""biography"":null,""followers"":null,""following"":null,""is_verified"":null,""profile_id"":""177019934"",""profile_name"":""Michael Johnson"",""url"":""https://x.com/Menace155""},{""biography"":null,""followers"":null,""following"":null,""is_verified"":null,""profile_id"":""222632459"",""profile_name"":""Dustin Jacoby üá∫üá∏"",""url"":""https://x.com/thehanyakdj""},{""biography"":null,""followers"":null,""following"":null,""is_verified"":null,""profile_id"":""1545246959811891205"",""profile_name"":""Cellular Performance Institute"",""url"":""https://x.com/CPIStemCells""}]",69,85,1136,166359,,"[""UFCTampa""]",12876592,#UFCTampa | Covington vs Buckley | December 14 | 10pmET | LIVE on @ESPNPlus,141401,https://pbs.twimg.com/profile_images/1835773190385328128/4fVrF1UI_normal.jpg,717,False,11,21,"{""post_id"":null,""profile_id"":null,""profile_name"":null}",,,"{""data_posted"":null,""description"":null,""photos"":null,""post_id"":null,""profile_id"":null,""profile_name"":null,""url"":null,""videos"":null}",3,Misleading,0.1595537,0.15547837,0.0066035683,0.67836434,0.67836434,True,115,16
